{"cameraMode":{"drawMode":0,"name":"Shaded","section":"Shading Mode"},"sceneLighting":true,"audioPlay":false,"sceneViewState":{"m_AlwaysRefresh":false,"showFog":true,"showSkybox":true,"showFlares":true,"showImageEffects":true,"showParticleSystems":true,"showVisualEffectGraphs":true,"m_FxEnabled":true},"in2DMode":false,"pivot":{"x":-7.0391974449157719,"y":3.9249160289764406,"z":19.738523483276368},"rotation":{"x":0.09155892580747605,"y":-0.04873067885637283,"z":0.004469257313758135,"w":0.9946218729019165},"size":17.63569450378418,"orthographic":false}