{"cameraMode":{"drawMode":0,"name":"Shaded","section":"Shading Mode"},"sceneLighting":true,"audioPlay":false,"sceneViewState":{"m_AlwaysRefresh":false,"showFog":true,"showSkybox":true,"showFlares":true,"showImageEffects":true,"showParticleSystems":true,"showVisualEffectGraphs":true,"m_FxEnabled":true},"in2DMode":false,"pivot":{"x":-5.42116117477417,"y":1.3578060865402222,"z":2.331674337387085},"rotation":{"x":-0.10570313781499863,"y":0.0014925149735063315,"z":-0.00019538233755156398,"w":-0.994382381439209},"size":12.891280174255371,"orthographic":false}