{"cameraMode":{"drawMode":0,"name":"Shaded","section":"Shading Mode"},"sceneLighting":false,"audioPlay":false,"sceneViewState":{"m_AlwaysRefresh":false,"showFog":true,"showSkybox":false,"showFlares":true,"showImageEffects":true,"showParticleSystems":true,"showVisualEffectGraphs":true,"m_FxEnabled":true},"in2DMode":false,"pivot":{"x":-11.567407608032227,"y":3.504748821258545,"z":1.5268821716308594},"rotation":{"x":-0.10570313781499863,"y":0.0014925149735063315,"z":-0.00019538233755156398,"w":-0.994382381439209},"size":3.0254132747650148,"orthographic":false}