{"cameraMode":{"drawMode":0,"name":"Shaded","section":"Shading Mode"},"sceneLighting":false,"audioPlay":false,"sceneViewState":{"m_AlwaysRefresh":false,"showFog":true,"showSkybox":false,"showFlares":true,"showImageEffects":true,"showParticleSystems":true,"showVisualEffectGraphs":true,"m_FxEnabled":true},"in2DMode":false,"pivot":{"x":-43.946922302246097,"y":10.653075218200684,"z":-6.8189592361450199},"rotation":{"x":-0.16365545988082887,"y":-0.19881783425807954,"z":0.03369522467255592,"w":-0.9656779170036316},"size":1.9852091073989869,"orthographic":false}